{
    "joint_params": {
        "sh0": 0.1199,
        "sh1": -1.1864,
        "el0": 1.2325,
        "el1": 0.0416,
        "wr0": -0.138,
        "wr1": -0.0579
    },
    "odom_position": {
        "x": -3.795,
        "y": 21.0424,
        "z": -4.3591
    },
    "odom_rotation": {
        "x": -0.023596,
        "y": -0.04521,
        "z": -0.285623,
        "w": 0.956984
    },
    "body_position": {
        "x": 1.0149,
        "y": 0.086,
        "z": 0.5761
    },
    "body_rotation": {
        "x": -0.005594,
        "y": -0.046345,
        "z": 0.056608,
        "w": 0.997304
    }
}