{
    "joint_params": {
        "sh0": -0.3808,
        "sh1": -1.0875,
        "el0": 1.3017,
        "el1": 0.0016,
        "wr0": -0.2453,
        "wr1": -0.0337
    },
    "odom_position": {
        "x": -4.0304,
        "y": 20.7835,
        "z": -4.453
    },
    "odom_rotation": {
        "x": -0.022216,
        "y": -0.009653,
        "z": -0.512544,
        "w": 0.858319
    },
    "body_position": {
        "x": 1.0001,
        "y": -0.2836,
        "z": 0.4814
    },
    "body_rotation": {
        "x": -0.018705,
        "y": -0.012238,
        "z": -0.189624,
        "w": 0.981602
    }
}