{
    "joint_params": {
        "sh0": 0.3775,
        "sh1": -0.7082,
        "el0": 1.0277,
        "el1": -0.0779,
        "wr0": -0.3344,
        "wr1": 0.0742
    },
    "odom_position": {
        "x": -3.6044,
        "y": 21.1688,
        "z": -4.5791
    },
    "odom_rotation": {
        "x": -0.003031,
        "y": -0.010361,
        "z": -0.145532,
        "w": 0.989295
    },
    "body_position": {
        "x": 1.0887,
        "y": 0.3213,
        "z": 0.3554
    },
    "body_rotation": {
        "x": 0.001512,
        "y": -0.006769,
        "z": 0.200137,
        "w": 0.979743
    }
}