{
    "joint_params": {
        "sh0": -0.3218,
        "sh1": -0.6836,
        "el0": 0.628,
        "el1": 0.011,
        "wr0": -0.0825,
        "wr1": -0.0026
    },
    "odom_position": {
        "x": -4.5521,
        "y": 19.9103,
        "z": -4.4394
    },
    "odom_rotation": {
        "x": -0.02688,
        "y": -0.061144,
        "z": -0.466076,
        "w": 0.88222
    },
    "body_position": {
        "x": 1.1027,
        "y": -0.2705,
        "z": 0.526
    },
    "body_rotation": {
        "x": -0.006921,
        "y": -0.068788,
        "z": -0.159998,
        "w": 0.984693
    }
}