{
    "joint_params": {
        "sh0": 0.4286,
        "sh1": -0.9599,
        "el0": 1.2543,
        "el1": -0.1048,
        "wr0": -0.4362,
        "wr1": 0.0824
    },
    "odom_position": {
        "x": -3.6138,
        "y": 19.2336,
        "z": -4.6271
    },
    "odom_rotation": {
        "x": 0.062483,
        "y": -0.010871,
        "z": 0.993939,
        "w": 0.089793
    },
    "body_position": {
        "x": 1.0118,
        "y": 0.3384,
        "z": 0.4472
    },
    "body_rotation": {
        "x": 0.00718,
        "y": -0.069917,
        "z": 0.233192,
        "w": 0.969887
    }
}