{
    "joint_params": {
        "sh0": 0.2831,
        "sh1": -1.2826,
        "el0": 2.372,
        "el1": 0.3152,
        "wr0": -1.1396,
        "wr1": -0.1403
    },
    "odom_position": {
        "x": -2.0749,
        "y": 22.1359,
        "z": -4.7058
    },
    "odom_rotation": {
        "x": 0.009978,
        "y": 0.007878,
        "z": 0.919937,
        "w": -0.39186
    },
    "body_position": {
        "x": 0.823,
        "y": 0.0971,
        "z": 0.1956
    },
    "body_rotation": {
        "x": 0.001903,
        "y": -0.014721,
        "z": -0.001255,
        "w": 0.999889
    }
}