{
    "joint_params": {
        "sh0": 0.1663,
        "sh1": -0.9229,
        "el0": 1.196,
        "el1": -0.6787,
        "wr0": -0.4416,
        "wr1": 0.3516
    },
    "odom_position": {
        "x": -2.9455,
        "y": 20.1624,
        "z": -5.2479
    },
    "odom_rotation": {
        "x": 0.02666,
        "y": -0.154472,
        "z": 0.983408,
        "w": 0.091306
    },
    "body_position": {
        "x": 1.0729,
        "y": 0.1842,
        "z": 0.4363
    },
    "body_rotation": {
        "x": -0.137418,
        "y": -0.069405,
        "z": 0.209413,
        "w": 0.965632
    }
}